host_timestamp_us,samples_per_second
1781710732928031,0
1781710733929570,0
1781710734931511,0
1781710735933275,0
1781710736935147,0
1781710737936613,0
1781710738937917,0
1781710739939510,0
1781710740941106,0
1781710741942522,0
1781710742944522,0
1781710743946118,0
1781710744947644,0
1781710745949393,0
1781710746951302,0
1781710747953239,0
1781710748954989,0
1781710749957015,0
1781710750958758,0
1781710751960453,0
1781710752962096,0
1781710753964046,0
1781710754965866,0
1781710755967713,0
1781710757077936,1
1781710758079266,0
1781710759080856,0
1781710760081920,0
1781710761083598,0
1781710762085303,0
1781710763086885,0
1781710764088593,0
1781710765090209,0
1781710766092076,0
1781710767093926,0
1781710768096021,0
1781710769097919,0
1781710770099856,0
1781710771101388,0
1781710772103430,0
1781710773105375,0
1781710774107285,0
1781710775109356,0
1781710776110725,0
1781710777112668,0
1781710778114424,0
1781710779116280,0
1781710780118005,0
1781710781119767,0
1781710782121341,0
1781710783123307,0
1781710784265427,1
1781710785267224,0
1781710786268960,0
1781710787270722,0
1781710788272252,0
1781710789273839,0
1781710790275573,0
1781710791277171,0
1781710792279176,0
1781710793281033,0
1781710794282794,0
1781710795284428,0
1781710796285988,0
1781710797287894,0
1781710798289266,0
1781710799290698,0
1781710800291990,0
1781710801293331,0
1781710802295043,0
1781710803296887,0
1781710804298697,0
1781710805300487,0
1781710806301945,0
1781710807303335,0
1781710808304991,0
1781710809306827,0
1781710810308609,0
1781710811310132,0
1781710812312115,0
1781710813313937,0
1781710814315415,0
1781710815560565,1
1781710816945278,1
1781710817946986,0
